kmeans_cluster,pclass,survived,age,sibsp,parch,fare,dbscan_cluster
0,2.6666666666666665,0.3333333333333333,22.5,0.16666666666666666,0.0,8.923333333333334,-1.0
1,1.0,0.5,48.25,0.5,0.5,122.5875,-1.0
2,2.5,0.75,2.4575,0.75,1.75,27.09,-1.0
